sample	het_calls	hom_calls	missing_calls	het_share_clean	class
ZmG_100	1117933	4093280	0	0.005953	I
ZmG_109	937345	3880241	0	0.005499	I
ZmG_11430	346342	1893225	0	0.017816	I
ZmG_141	3878365	943832	0	0.173175	H
ZmG_1538	2709837	2982470	0	0.063391	H
ZmG_2369	519018	865900	0	0.003832	I
ZmG_2687	973978	4127977	0	0.007012	I
ZmG_29MIBZ2	1892885	3895845	0	0.010479	I
ZmG_2FACC	983147	1762614	0	0.009856	I
ZmG_2FADB	979830	1793854	0	0.008799	I
ZmG_2MA22	1900026	3887190	0	0.012688	I
ZmG_2MCDB	1732859	3939755	0	0.007512	I
ZmG_305	1002028	4175696	0	0.006093	I
ZmG_309	1192638	4165544	0	0.011884	I
ZmG_321	1702202	3823450	0	0.038172	E
ZmG_3811_PI693390	2068410	3711755	0	0.017005	I
ZmG_3IBZ2	85544	2520883	0	0.003575	I
ZmG_3IIH6	953432	3705052	0	0.004553	I
ZmG_3IJI1	1902755	3862058	0	0.010715	I
ZmG_4554	1313171	4013786	0	0.022786	E
ZmG_4578	1066042	3967352	0	0.006157	I
ZmG_4676A	1565875	3251764	0	0.006789	I
ZmG_4722	1579417	3984815	0	0.013894	I
ZmG_4F234BX4	1670281	3718260	0	0.042296	E
ZmG_4F306108	1240609	4146655	0	0.011572	I
ZmG_4F35BK	2100296	4132204	0	0.018255	I
ZmG_4N506	42222	966945	0	0.002032	I
ZmG_52220	1087312	4045264	0	0.006969	I
ZmG_5707	1420623	3936269	0	0.007234	I
ZmG_6103	1346319	2666121	0	0.006218	I
ZmG_6F545	470214	1684728	0	0.002397	I
ZmG_6F629	1423865	2507577	0	0.010666	I
ZmG_6M502	1833178	3748635	0	0.014445	I
ZmG_6M502A	2286374	3959358	0	0.021890	E
ZmG_740	1865211	4074727	0	0.007728	I
ZmG_764	724495	1413087	0	0.004023	I
ZmG_779	113953	2541007	0	0.004607	I
ZmG_78002A	480255	1021993	0	0.002569	I
ZmG_78004	16777	1095731	0	0.000424	I
ZmG_78010	684311	1369811	0	0.003644	I
ZmG_78371A	1890593	3957609	0	0.008769	I
ZmG_78551S	1914849	3895004	0	0.009848	I
ZmG_787	73145	3024742	0	0.002511	I
ZmG_790	655858	1237239	0	0.003102	I
ZmG_792	906248	1561605	0	0.005322	I
ZmG_793	482085	893995	0	0.002135	I
ZmG_794	252682	748199	0	0.001318	I
ZmG_802	1222105	4231145	0	0.006567	I
ZmG_807	1673709	3647730	0	0.008209	I
ZmG_83IBI3	76054	2850888	0	0.001954	I
ZmG_84BRQ4	870683	3361322	0	0.004446	I
ZmG_87916W	846225	1696334	0	0.003849	I
ZmG_8F196	3008644	184824	0	0.145324	H
ZmG_8M116	1106655	3794469	0	0.006213	I
ZmG_8M129	1028248	3784303	0	0.005255	I
ZmG_904	973484	3716589	0	0.004055	I
ZmG_907	961085	3761909	0	0.004649	I
ZmG_911	2113962	3608862	0	0.025063	E
ZmG_912	1715763	3779079	0	0.007324	I
ZmG_91IFC2	1730712	3800783	0	0.008882	I
ZmG_A	1721745	3611690	0	0.011017	I
ZmG_A12	874609	3676038	0	0.004374	I
ZmG_A15	919989	3868800	0	0.004698	I
ZmG_A155	1023730	4034588	0	0.005263	I
ZmG_A171	979491	4025295	0	0.004982	I
ZmG_A188	1812060	4117327	0	0.012542	I
ZmG_A208	1853709	4013178	0	0.008200	I
ZmG_A214N	924020	3027202	0	0.009152	I
ZmG_A239	1679841	3837431	0	0.006942	I
ZmG_A258	1883841	3754367	0	0.010967	I
ZmG_A272	1912847	4005564	0	0.011458	I
ZmG_A305	1863024	3967577	0	0.009412	I
ZmG_A321	1717757	3672009	0	0.006992	I
ZmG_A322	1779332	3888311	0	0.008725	I
ZmG_A334	1921928	3834012	0	0.012663	I
ZmG_A340	1872203	4118403	0	0.008248	I
ZmG_A344	1132101	4001440	0	0.005983	I
ZmG_A374	1771810	3675910	0	0.010413	I
ZmG_A385	1877307	3801816	0	0.013242	I
ZmG_A3G331313	1133606	4116938	0	0.006658	I
ZmG_A401	1887417	3796913	0	0.010571	I
ZmG_A41513	1085837	4093046	0	0.006587	I
ZmG_A427	2140335	3541634	0	0.023550	E
ZmG_A4415	1534657	3766108	0	0.013052	I
ZmG_A508	1117864	3779046	0	0.005434	I
ZmG_A548	1773521	3723521	0	0.007778	I
ZmG_A554	294452	3231065	0	0.005351	I
ZmG_A556	1681418	3921600	0	0.007514	I
ZmG_A572	1863825	4033559	0	0.008637	I
ZmG_A6	1026871	3812605	0	0.010515	I
ZmG_A619	1814371	3865855	0	0.010724	I
ZmG_A627	2144810	3772805	0	0.011204	I
ZmG_A632	1486298	2903684	0	0.006884	I
ZmG_A634	1544967	2872628	0	0.008902	I
ZmG_A635	1362134	2640965	0	0.006082	I
ZmG_A641	1679705	3357073	0	0.008373	I
ZmG_A648	1735907	3766035	0	0.007266	I
ZmG_A649	1740128	3728262	0	0.010822	I
ZmG_A651	974322	4099155	0	0.005026	I
ZmG_A654	1456037	3814097	0	0.012637	I
ZmG_A659	1709109	3845562	0	0.007454	I
ZmG_A661	915462	3427032	0	0.010682	I
ZmG_A662	1113053	4067152	0	0.005388	I
ZmG_A663	1951397	3820970	0	0.014647	I
ZmG_A672	1516185	3158228	0	0.006885	I
ZmG_A673	1083140	3790322	0	0.005540	I
ZmG_A674	2018359	3941237	0	0.014667	I
ZmG_A679	326248	674599	0	0.001850	I
ZmG_A680	110602	216368	0	0.000699	I
ZmG_A682	1998189	3865633	0	0.012834	I
ZmG_A71	1758464	3459898	0	0.012475	I
ZmG_A73	1821601	3722273	0	0.009120	I
ZmG_A797NW	1806076	3894585	0	0.008553	I
ZmG_A96	988026	3884480	0	0.004928	I
ZmG_AB28A	918979	3524873	0	0.008341	I
ZmG_AH83	934514	3573769	0	0.004669	I
ZmG_AM0776	951961	3470202	0	0.004040	I
ZmG_AQA3	1627075	3098739	0	0.013575	I
ZmG_AR228	1037099	3908702	0	0.005580	I
ZmG_AUSTRCF306238	1780390	3750569	0	0.008155	I
ZmG_B10	622923	2925124	0	0.006973	I
ZmG_B101	798881	3086123	0	0.004039	I
ZmG_B103	1063539	3455856	0	0.016117	I
ZmG_B104	1196745	2436895	0	0.006147	I
ZmG_B105	1562578	3259187	0	0.007749	I
ZmG_B106	1015618	3846938	0	0.005145	I
ZmG_B107	1869276	3698122	0	0.013355	I
ZmG_B108	1890765	3837818	0	0.012525	I
ZmG_B109	381976	753748	0	0.002348	I
ZmG_B111	1406599	3303158	0	0.006158	I
ZmG_B114	4927870	2152004	0	0.165138	H
ZmG_B115	1972369	4008682	0	0.010695	I
ZmG_B119	1268523	2601627	0	0.008346	I
ZmG_B120	1850485	3658361	0	0.010697	I
ZmG_B121	1814125	3773783	0	0.008876	I
ZmG_B14	1240998	2310588	0	0.006547	I
ZmG_B14A	727166	2227073	0	0.005612	I
ZmG_B164	1918901	3705473	0	0.010755	I
ZmG_B18INBRFRSUPERGOLD	1880279	4017892	0	0.009623	I
ZmG_B28	2083529	4097954	0	0.016920	I
ZmG_B37	1536610	3451122	0	0.005994	I
ZmG_B42	938683	3939763	0	0.004630	I
ZmG_B46	1658853	3484388	0	0.008817	I
ZmG_B52	854849	3596193	0	0.008674	I
ZmG_B54	1025576	3881536	0	0.005317	I
ZmG_B57	1885060	3962221	0	0.008086	I
ZmG_B64	605815	3029816	0	0.005414	I
ZmG_B65	1750958	3827108	0	0.007607	I
ZmG_B66	1822820	3844549	0	0.007618	I
ZmG_B68	1457879	3005107	0	0.005940	I
ZmG_B7	80711	2893895	0	0.001721	I
ZmG_B73	2077	285	0	0.000027	I
ZmG_B75	1602049	3704129	0	0.006997	I
ZmG_B76	2734062	3491376	0	0.056858	H
ZmG_B77	1887243	4123001	0	0.008839	I
ZmG_B79	1627547	3638818	0	0.006577	I
ZmG_B8	76387	3145613	0	0.001730	I
ZmG_B84	587281	2073983	0	0.004396	I
ZmG_B85	1828133	3687183	0	0.014042	I
ZmG_B87	1823092	3893831	0	0.008812	I
ZmG_B88	1624619	3319919	0	0.006779	I
ZmG_B90	822122	3725000	0	0.004164	I
ZmG_B91	1005220	3623030	0	0.005224	I
ZmG_B96	1205646	4142994	0	0.007424	I
ZmG_B97	1703562	3699387	0	0.007169	I
ZmG_B98	1034049	3751781	0	0.006370	I
ZmG_B99	936794	3695241	0	0.004702	I
ZmG_BCC03	1529291	3974040	0	0.008827	I
ZmG_BEI10	1045842	3895431	0	0.005706	I
ZmG_C102	1049631	4100506	0	0.005541	I
ZmG_C103	2057015	4032159	0	0.010036	I
ZmG_C123	1746736	4138289	0	0.007422	I
ZmG_C15	1124828	4325173	0	0.006500	I
ZmG_C42	1240985	4299439	0	0.011678	I
ZmG_C49	816632	3407353	0	0.007837	I
ZmG_C68	1215425	4246364	0	0.006766	I
ZmG_CA4	2051373	4331778	0	0.016504	I
ZmG_CG10	1057245	3920528	0	0.005823	I
ZmG_CH157	1879401	3848785	0	0.009811	I
ZmG_CH70130	1800881	3782590	0	0.009432	I
ZmG_CH71110	1776631	4005139	0	0.008252	I
ZmG_CH7534	1287059	2681245	0	0.006566	I
ZmG_CH9	6869517	1360766	0	0.271185	H
ZmG_CHITAN120	1321288	3665363	0	0.015811	I
ZmG_CI1872	1393194	3286563	0	0.009299	I
ZmG_CI21E	988592	3066049	0	0.009867	I
ZmG_CI28A	946624	3634407	0	0.009155	I
ZmG_CI31A	853157	3451470	0	0.007772	I
ZmG_CI3A	998548	3542426	0	0.010061	I
ZmG_CI40H	1002020	3762260	0	0.004888	I
ZmG_CI540	902118	3624072	0	0.004561	I
ZmG_CI64	1206727	3687199	0	0.010950	I
ZmG_CI66	1070947	3596070	0	0.009512	I
ZmG_CI7	994593	3540133	0	0.008849	I
ZmG_CI90C	804232	3607812	0	0.009023	I
ZmG_CI91B	1027786	3222836	0	0.012893	I
ZmG_CL17	1196207	4147026	0	0.006748	I
ZmG_CL27	1047950	4034157	0	0.006706	I
ZmG_CM105	1442199	3121832	0	0.006105	I
ZmG_CM174	353583	2233935	7136325	0.004578	I
ZmG_CM37	960300	3462976	0	0.012483	I
ZmG_CM48	1147471	4106979	0	0.006675	I
ZmG_CM7	1337020	3816978	0	0.010824	I
ZmG_CM99	881865	3133463	0	0.004196	I
ZmG_CML10	1005005	3903197	0	0.011588	I
ZmG_CML103	671431	3204018	4444868	0.005003	I
ZmG_CML108	1259583	3648183	0	0.011534	I
ZmG_CML11	897485	3925087	0	0.009166	I
ZmG_CML14	1307370	3926391	0	0.011467	I
ZmG_CML144	644331	3285251	7275658	0.005372	I
ZmG_CML154	770316	3779767	0	0.008411	I
ZmG_CML157	1208723	3865259	0	0.011377	I
ZmG_CML158	1556050	3864333	0	0.014865	I
ZmG_CML218	1083975	3885088	0	0.010731	I
ZmG_CML220	1227268	3823094	0	0.013234	I
ZmG_CML228	1213065	3905928	0	0.012504	I
ZmG_CML238	906757	3823567	0	0.010942	I
ZmG_CML247	1196247	4027877	0	0.011293	I
ZmG_CML254	1301021	3839335	0	0.012552	I
ZmG_CML258	741607	3730807	0	0.008597	I
ZmG_CML261	842741	3721192	0	0.011052	I
ZmG_CML264	1245918	3865199	0	0.011868	I
ZmG_CML277	1044230	3916417	0	0.009481	I
ZmG_CML281	1388700	3898306	0	0.012578	I
ZmG_CML287	1067382	3877334	0	0.011124	I
ZmG_CML311	1808325	4035054	0	0.015149	I
ZmG_CML312	704977	3505240	7247285	0.003951	I
ZmG_CML314	1505933	3839521	0	0.017021	I
ZmG_CML321	893198	3831833	0	0.010115	I
ZmG_CML322	1060991	3823900	0	0.011578	I
ZmG_CML323	1280924	3885268	0	0.012947	I
ZmG_CML328	1173805	3992038	0	0.010082	I
ZmG_CML331	1925359	3842709	0	0.023728	E
ZmG_CML332	783133	3880549	0	0.007937	I
ZmG_CML333	990810	3803990	0	0.009735	I
ZmG_CML341	311733	3285320	0	0.006833	I
ZmG_CML38	1379270	3911094	0	0.013651	I
ZmG_CML395	1017926	4034144	0	0.006016	I
ZmG_CML45	1286921	3743196	0	0.015396	I
ZmG_CML451	1148632	3353614	5755991	0.011068	I
ZmG_CML5	1256980	3876085	0	0.012173	I
ZmG_CML52	1602000	3703966	0	0.024115	E
ZmG_CML61	1244810	3878801	0	0.011179	I
ZmG_CML69	1187594	3865655	0	0.012225	I
ZmG_CML77	1584935	3866926	0	0.012632	I
ZmG_CML91	1422114	3730643	0	0.012856	I
ZmG_CML92	870788	3624548	0	0.008129	I
ZmG_CMV3	852373	3777735	0	0.007985	I
ZmG_CO106	1322580	3712954	0	0.011167	I
ZmG_CO109	1538585	3887266	0	0.010362	I
ZmG_CO117	1121486	3887056	0	0.005563	I
ZmG_CO125	1219779	3718555	0	0.010358	I
ZmG_CO158	1071971	3730871	0	0.005400	I
ZmG_CO192	1024807	3937995	0	0.005671	I
ZmG_CO216	1062933	3970444	0	0.006046	I
ZmG_CO236	1065103	3893569	0	0.005604	I
ZmG_CO237	1086347	3750128	0	0.006509	I
ZmG_CO245	1115347	4126361	0	0.006013	I
ZmG_CO255	2111010	3985593	0	0.020748	E
ZmG_CO256	3810065	828810	0	0.169348	H
ZmG_CO257	1530095	2954694	0	0.010433	I
ZmG_CO258	1497480	2961959	0	0.006781	I
ZmG_CQ702RC	1640743	3833027	0	0.006346	I
ZmG_CQ806	944608	3844490	0	0.004338	I
ZmG_CR14	809381	1627186	0	0.003677	I
ZmG_CR1HT	75261	3057786	0	0.002897	I
ZmG_CR22	1913518	3950722	0	0.008957	I
ZmG_CS405	1045490	2199342	0	0.006220	I
ZmG_CS608	1056595	3848539	0	0.004757	I
ZmG_CSJ3	1032043	3826842	0	0.006845	I
ZmG_C_Ames23428	1192518	3631196	0	0.006135	I
ZmG_C_Ames28183	1640825	3788096	0	0.010445	I
ZmG_C_Ames28398	932027	4722385	0	0.015309	I
ZmG_C_Ames28404	618774	4069972	0	0.014298	I
ZmG_C_Ames28405	360773	3943484	0	0.007466	I
ZmG_C_Ames28406	386546	3850411	0	0.008115	I
ZmG_C_Ames28407	902100	4320662	0	0.016792	I
ZmG_C_Ames28408	371164	3921512	0	0.008091	I
ZmG_C_Ames28409	327126	3933932	0	0.007192	I
ZmG_C_PI257516	1818925	4143074	0	0.013263	I
ZmG_C_PI343951	1977338	4277731	0	0.015544	I
ZmG_C_PI391666	1506715	3834908	0	0.019379	I
ZmG_C_PI405707	1041612	4038757	0	0.007038	I
ZmG_C_PI442884	1022504	3984836	0	0.006617	I
ZmG_C_PI452256	1115621	3927549	0	0.006890	I
ZmG_C_PI484036	1355842	3647782	0	0.008801	I
ZmG_C_PI490921	1731715	4055406	0	0.015542	I
ZmG_C_PI491691CYMT	1540357	3887333	0	0.014186	I
ZmG_C_PI492181CYMT	1756122	3933405	0	0.014097	I
ZmG_C_PI535902	1085783	4378977	0	0.006597	I
ZmG_C_PI550456	885748	2664402	0	0.004960	I
ZmG_C_PI561565	1244715	3986354	0	0.007304	I
ZmG_C_PI576169	1456782	3703397	0	0.008108	I
ZmG_C_PI584529	1124132	3889567	0	0.007292	I
ZmG_C_PI586762	1596407	3962378	0	0.011619	I
ZmG_C_PI587153	899058	3691892	0	0.008839	I
ZmG_C_PI700790	1894405	4337722	0	0.013816	I
ZmG_C_PI700792	1385429	3909811	0	0.007369	I
ZmG_C_PI700945	1768022	4246119	0	0.012779	I
ZmG_C_PI706303	1609320	3894668	0	0.011681	I
ZmG_D940Y	1632010	3583947	0	0.021098	E
ZmG_DE1	1316621	3670924	0	0.010729	I
ZmG_DE2	1684993	3825243	0	0.007524	I
ZmG_DE3	1578907	3645850	0	0.006328	I
ZmG_DE4	1762693	3795373	0	0.009243	I
ZmG_DE811	1450114	3300569	0	0.006379	I
ZmG_DJ7	28838	53307	0	0.000206	I
ZmG_E2558W	628581	3509280	0	0.008168	I
ZmG_E8501	1655987	3913757	0	0.006966	I
ZmG_EAST028	2064351	4039260	0	0.015868	I
ZmG_ENGLICHIH	1020428	3882805	0	0.006359	I
ZmG_EP1	977478	4149020	0	0.011126	I
ZmG_F115	3485147	1509269	0	0.145121	H
ZmG_F118	997024	1880100	0	0.004721	I
ZmG_F2	1130641	4147461	0	0.010430	I
ZmG_F274	681424	2555139	0	0.003262	I
ZmG_F2834T	1748709	4091988	0	0.008563	I
ZmG_F42	11005	183349	0	0.000613	I
ZmG_F44	673211	3679491	0	0.008348	I
ZmG_F6	1606065	3900339	0	0.013316	I
ZmG_F7	1164977	4192576	0	0.009870	I
ZmG_FBHJ	1360657	3021499	0	0.006396	I
ZmG_FBLA	1537603	2893822	0	0.011102	I
ZmG_FBLL	635298	1083341	0	0.008710	I
ZmG_FC46	2039405	4452149	0	0.010508	I
ZmG_FE	987528	3605324	0	0.004781	I
ZmG_FR19	1453598	3214882	0	0.006353	I
ZmG_GA209	1301122	3728769	0	0.010707	I
ZmG_GE129	1083264	3934232	0	0.005568	I
ZmG_GE54	1078867	3858610	0	0.005566	I
ZmG_GT112	902648	3725197	0	0.008216	I
ZmG_H105W	1774902	3226061	0	0.010162	I
ZmG_H110	1566023	3595473	0	0.007736	I
ZmG_H113	1687781	3636852	0	0.008872	I
ZmG_H114	1335913	3200267	0	0.005702	I
ZmG_H121	1686690	3886745	0	0.008011	I
ZmG_H122W	617974	1867199	0	0.005532	I
ZmG_H124W	1094240	3809143	0	0.005354	I
ZmG_H14	1129753	4058814	0	0.005504	I
ZmG_H42	1776208	3681513	0	0.011580	I
ZmG_H49	1045751	3439647	0	0.016129	I
ZmG_H5	1662727	3703492	0	0.006679	I
ZmG_H52	1160585	3867182	0	0.005049	I
ZmG_H71	1753429	3880765	0	0.007201	I
ZmG_H84	1543009	3470147	0	0.006531	I
ZmG_H8431	797335	2632604	0	0.005452	I
ZmG_H91	1222103	2542888	0	0.004786	I
ZmG_H95	1842025	3889898	0	0.009932	I
ZmG_H96	1673637	3439154	0	0.007563	I
ZmG_H99	1770516	4021538	0	0.009798	I
ZmG_HB8229	48269	2318478	0	0.002072	I
ZmG_HBA1	1028060	3610281	0	0.007685	I
ZmG_HI26	966450	3472507	0	0.006360	I
ZmG_HI27	1154321	3571081	0	0.012434	I
ZmG_HI28	931207	3710275	0	0.006877	I
ZmG_HP301	1785886	4129704	0	0.008290	I
ZmG_HUANYAO	1955750	4402503	0	0.009721	I
ZmG_HUOBAI	1940441	4231097	0	0.009888	I
ZmG_I137TN	1164931	3849200	0	0.010783	I
ZmG_I159	981218	3391429	0	0.005124	I
ZmG_I29	1922344	4060521	0	0.012915	I
ZmG_IA2132	1953107	3850426	0	0.013661	I
ZmG_IA453	1143355	4220057	0	0.006156	I
ZmG_IA5125	1249825	3711893	0	0.012671	I
ZmG_IA5125B	1125531	4022109	0	0.006407	I
ZmG_IB014	1737864	3908176	0	0.007377	I
ZmG_IB02	50001	2731823	0	0.002175	I
ZmG_IBB14	1580683	3333987	0	0.007118	I
ZmG_IBB15	1631210	3737629	0	0.006095	I
ZmG_IBC2	1743500	3799157	0	0.007195	I
ZmG_ICI193	941322	3257772	0	0.004018	I
ZmG_ICI441	336922	1134727	0	0.001826	I
ZmG_ICI581	2027327	3669754	0	0.019490	I
ZmG_ICI740	329794	1127367	0	0.001587	I
ZmG_ICI893	446285	1458570	0	0.002237	I
ZmG_ICI986	961804	3404084	0	0.004042	I
ZmG_IDS28	1896058	3958956	0	0.009066	I
ZmG_IDS69	1965834	4145199	0	0.010094	I
ZmG_IDS91	1824233	4152106	0	0.008514	I
ZmG_IL101T	1143859	4361982	0	0.006591	I
ZmG_IL14H	1307763	4081424	0	0.012536	I
ZmG_IL778D	1071376	4124241	0	0.005668	I
ZmG_ILLINOIS4226	1943259	4017912	0	0.010290	I
ZmG_ILLINOISHY	1110167	3079948	0	0.009750	I
ZmG_ILLINOISR4	949439	3408442	0	0.008538	I
ZmG_INB101LFYLFYA632XM16S5	1643099	3181544	0	0.008322	I
ZmG_INDIANA3316	1801495	4055421	0	0.007796	I
ZmG_INDIANAB2	1772991	3683081	0	0.011492	I
ZmG_IOWAI205	722595	3115392	0	0.007241	I
ZmG_IOWAOS420	1761352	3750248	0	0.008067	I
ZmG_J47	1946709	3897813	0	0.015416	I
ZmG_J8606	1689407	3894139	0	0.006655	I
ZmG_K148	917588	3634699	0	0.010120	I
ZmG_K150	2041352	3925914	0	0.011887	I
ZmG_K155	1051206	3945980	0	0.005249	I
ZmG_K201	880996	3725746	0	0.004605	I
ZmG_K4	1117449	3515337	0	0.010961	I
ZmG_K41	1791838	3959165	0	0.008103	I
ZmG_K47	1669242	3760337	0	0.011027	I
ZmG_K55	1721869	3945439	0	0.008000	I
ZmG_K64	796745	3601544	0	0.009344	I
ZmG_KI11	920881	3983491	0	0.007997	I
ZmG_KI14	982304	3862762	0	0.010851	I
ZmG_KI21	1014732	3901140	0	0.008518	I
ZmG_KI3	793303	3873197	0	0.009171	I
ZmG_KI43	1339032	3797094	0	0.011800	I
ZmG_KI44	1057408	3851146	0	0.010008	I
ZmG_KI9	974487	3845867	0	0.010950	I
ZmG_KO679Y	978703	3921826	0	0.005442	I
ZmG_KUNG70	1632640	3837749	0	0.008140	I
ZmG_KY21	1099026	3504648	0	0.011126	I
ZmG_KY226	774776	3469636	0	0.007774	I
ZmG_KY228	1415526	3770346	0	0.011156	I
ZmG_L127	80730	2766993	0	0.002633	I
ZmG_L135	1685517	3868623	0	0.007213	I
ZmG_L139	1804799	3911552	0	0.007133	I
ZmG_L155	980916	3547764	0	0.004218	I
ZmG_L222	896520	3755894	0	0.004523	I
ZmG_L289	1056731	3992593	0	0.005554	I
ZmG_L317	962219	3868933	0	0.010224	I
ZmG_LA578	1430574	3613019	0	0.020038	E
ZmG_LH1	1715130	3510643	0	0.008727	I
ZmG_LH119	1757756	1075160	0	0.058522	H
ZmG_LH123HT	1082552	3542434	0	0.004820	I
ZmG_LH127	1727833	3698203	0	0.007884	I
ZmG_LH128	2317113	3427926	0	0.036394	E
ZmG_LH132	376220	817045	0	0.001814	I
ZmG_LH143MAINTAINER	1391796	2821950	0	0.005803	I
ZmG_LH145	1048433	3169618	0	0.005578	I
ZmG_LH146HT	949486	2117554	0	0.006619	I
ZmG_LH149	368938	801893	0	0.001799	I
ZmG_LH150	214617	3239764	0	0.004885	I
ZmG_LH156	1052137	3674243	0	0.008217	I
ZmG_LH159	957082	3880441	0	0.004952	I
ZmG_LH160	68443	2556830	0	0.002591	I
ZmG_LH162	73175	2928345	0	0.002068	I
ZmG_LH163	889322	3582306	0	0.004867	I
ZmG_LH164	998474	3841796	0	0.004788	I
ZmG_LH165	1746520	3851459	0	0.009190	I
ZmG_LH166	2650311	3025195	0	0.060435	H
ZmG_LH167	913810	3771935	0	0.004265	I
ZmG_LH169HT	905351	3754803	0	0.003991	I
ZmG_LH172	1781567	3806471	0	0.010534	I
ZmG_LH175	883797	3684154	0	0.004137	I
ZmG_LH181	1642805	3799488	0	0.006843	I
ZmG_LH183	905803	3795008	0	0.004120	I
ZmG_LH184	1951376	3866552	0	0.011992	I
ZmG_LH185	1737823	4031513	0	0.008996	I
ZmG_LH186	1052975	3837651	0	0.004858	I
ZmG_LH188	1112990	3883681	0	0.005412	I
ZmG_LH189	3329002	2617667	0	0.122530	H
ZmG_LH190	409412	793550	0	0.002318	I
ZmG_LH191	1036348	2211998	0	0.005106	I
ZmG_LH192	879580	1463559	0	0.010038	I
ZmG_LH193	504956	1120542	0	0.002468	I
ZmG_LH194	726045	1531538	0	0.003278	I
ZmG_LH195	579240	1367861	0	0.002512	I
ZmG_LH196	8948	549554	0	0.000281	I
ZmG_LH197	693500	1383778	0	0.003359	I
ZmG_LH198	428632	816715	0	0.002218	I
ZmG_LH199	567109	1239400	0	0.003150	I
ZmG_LH200	566706	1269979	0	0.003451	I
ZmG_LH202	180157	370003	0	0.000828	I
ZmG_LH204	554669	1125541	0	0.002888	I
ZmG_LH205	523623	1022472	0	0.002179	I
ZmG_LH206	584694	1074416	0	0.005099	I
ZmG_LH208	988092	1770096	0	0.011969	I
ZmG_LH209	461873	899734	0	0.003682	I
ZmG_LH210	454553	1630438	0	0.002459	I
ZmG_LH211	1598330	3682715	0	0.007156	I
ZmG_LH212HT	901323	3593151	0	0.004194	I
ZmG_LH213	1878453	3651278	0	0.012314	I
ZmG_LH214	1657313	3740666	0	0.006319	I
ZmG_LH215	1842996	4052286	0	0.011053	I
ZmG_LH216	1843512	3968519	0	0.007372	I
ZmG_LH217	3439778	2333813	0	0.138189	H
ZmG_LH218	983156	3878945	0	0.004384	I
ZmG_LH220HT	30252	1729197	0	0.000773	I
ZmG_LH222	869987	1649851	0	0.006717	I
ZmG_LH223	1673780	3025181	0	0.006943	I
ZmG_LH224	1209055	2422129	0	0.007102	I
ZmG_LH225	834653	3302608	0	0.004231	I
ZmG_LH227	921904	1835945	0	0.006188	I
ZmG_LH231	295543	1064982	0	0.001541	I
ZmG_LH250	925168	3646927	0	0.004786	I
ZmG_LH252	1130412	3997861	0	0.005220	I
ZmG_LH260	968236	3673426	0	0.008322	I
ZmG_LH284	972955	3622653	0	0.004125	I
ZmG_LH295	1885469	3921834	0	0.008436	I
ZmG_LH299	1075435	3776357	0	0.004855	I
ZmG_LH38	2020783	3895801	0	0.009867	I
ZmG_LH39	149362	3257686	0	0.003279	I
ZmG_LH51	62536	3263784	0	0.001622	I
ZmG_LH52	52515	2771077	0	0.001487	I
ZmG_LH54	1720801	3969353	0	0.007202	I
ZmG_LH57	1890551	4043189	0	0.008380	I
ZmG_LH59	1585624	4034112	0	0.009406	I
ZmG_LH60	1878023	4056135	0	0.007704	I
ZmG_LH61	5282199	1661894	0	0.191823	H
ZmG_LH65	1899026	4014086	0	0.007459	I
ZmG_LH74	633958	1289387	0	0.003700	I
ZmG_LH82	1556171	3766753	0	0.007783	I
ZmG_LH85	1280327	4058485	0	0.006505	I
ZmG_LH93	30475	3021948	0	0.000790	I
ZmG_LIBC4	1831777	3902748	0	0.009498	I
ZmG_LP1NRHT	715361	2672755	0	0.003420	I
ZmG_LP215D	2004172	3829956	0	0.012145	I
ZmG_LP5	487252	939124	0	0.002665	I
ZmG_M14	1663196	3759863	0	0.007141	I
ZmG_M162W	1201043	3946391	0	0.009542	I
ZmG_M37W	955185	3770419	0	0.008052	I
ZmG_MBNA	1926330	3898371	0	0.011420	I
ZmG_MBPM	1638266	3702087	0	0.007165	I
ZmG_MBST	1888475	3951600	0	0.010817	I
ZmG_MBUB	741020	2169100	0	0.035277	E
ZmG_MBWZ	1835891	3926822	0	0.010553	I
ZmG_MBZA	1034610	3944382	0	0.005167	I
ZmG_MEF156552	2132906	4171815	0	0.015485	I
ZmG_MISSOURIG	1299689	4001597	0	0.006723	I
ZmG_ML606	2043767	3814683	0	0.010624	I
ZmG_MM402A	59236	2905235	0	0.001795	I
ZmG_MM501D	1849040	3948887	0	0.009236	I
ZmG_MO13	955451	3870498	0	0.005239	I
ZmG_MO15W	1645073	3874348	0	0.010971	I
ZmG_MO16W	1097490	3965400	0	0.005458	I
ZmG_MO17	1134394	3895414	0	0.005171	I
ZmG_MO18W	895968	3811511	0	0.008521	I
ZmG_MO1W	1640060	3680954	0	0.007073	I
ZmG_MO20W	1033886	3779779	0	0.005807	I
ZmG_MO23W	957567	3847866	0	0.004951	I
ZmG_MO24W	901450	3372308	0	0.010931	I
ZmG_MO28W	1007072	4011406	0	0.005727	I
ZmG_MO3	863040	3534798	0	0.004253	I
ZmG_MO39	879002	3602691	0	0.004559	I
ZmG_MO44	1022293	3739921	0	0.005329	I
ZmG_MO45	1171752	3826210	0	0.009020	I
ZmG_MO46	2020873	3827828	0	0.017412	I
ZmG_MO47	1764280	3765205	0	0.009707	I
ZmG_MO5	1049716	3867243	0	0.005470	I
ZmG_MO7	943555	3876018	0	0.005038	I
ZmG_MP339	1095000	3604092	0	0.009901	I
ZmG_MQ305	1629737	3588932	0	0.007900	I
ZmG_MS106	951796	3748127	0	0.005007	I
ZmG_MS116	1839607	3943804	0	0.008460	I
ZmG_MS12	975194	3947437	0	0.005777	I
ZmG_MS132	1955503	3901308	0	0.010740	I
ZmG_MS1334	1907605	3981969	0	0.009678	I
ZmG_MS142	1393962	3780827	0	0.021627	E
ZmG_MS153	2631990	3538846	0	0.051342	H
ZmG_MS200	1968571	3885107	0	0.014129	I
ZmG_MS211	1907895	4036827	0	0.009734	I
ZmG_MS221	1470452	3075692	0	0.007619	I
ZmG_MS222	804522	3019676	0	0.004096	I
ZmG_MS223	966692	3930160	0	0.004916	I
ZmG_MS224	1853277	3791186	0	0.009986	I
ZmG_MS225	2652838	3552953	0	0.049573	E
ZmG_MS226	1798283	3664045	0	0.009425	I
ZmG_MS24A	1904833	4025011	0	0.011478	I
ZmG_MS67	2012914	3941229	0	0.016123	I
ZmG_MS71	1928972	3956320	0	0.008921	I
ZmG_MS72	1808049	3839179	0	0.009070	I
ZmG_MT42	1441255	3841125	0	0.010707	I
ZmG_N192	519844	1031557	0	0.002438	I
ZmG_N193	1834515	3833343	0	0.008554	I
ZmG_N197	1900371	3973307	0	0.007699	I
ZmG_N199	1075218	3718522	0	0.007000	I
ZmG_N200	1792200	3860377	0	0.008569	I
ZmG_N201	197246	50537	0	0.007219	I
ZmG_N209	1456213	3061322	0	0.006224	I
ZmG_N211	1774023	3746160	0	0.008135	I
ZmG_N215	1745616	3766820	0	0.007294	I
ZmG_N216	843537	3426280	0	0.004112	I
ZmG_N217	1212443	2550779	0	0.006023	I
ZmG_N218	1042260	2123910	0	0.005067	I
ZmG_N28	1448962	3262639	0	0.006688	I
ZmG_N28HT	1631194	3513754	0	0.006973	I
ZmG_N501	1275875	2979974	0	0.005393	I
ZmG_N523	1588014	3380108	0	0.006655	I
ZmG_N527	1455126	3000754	0	0.007231	I
ZmG_N534	893850	3671039	0	0.004641	I
ZmG_N538	906769	3151917	0	0.004823	I
ZmG_N540	842093	3097928	0	0.004007	I
ZmG_N542	1739579	3236015	0	0.009255	I
ZmG_N545	902097	3228983	0	0.004156	I
ZmG_N6	1864551	3924486	0	0.010352	I
ZmG_N7A	1538906	3277380	0	0.006556	I
ZmG_NC13	1041497	3875691	0	0.005196	I
ZmG_NC222	1371904	3793290	0	0.011024	I
ZmG_NC230	1189547	3760633	0	0.006270	I
ZmG_NC232	928213	3669328	0	0.010228	I
ZmG_NC236	1208176	3606673	0	0.011040	I
ZmG_NC238	1038589	3635116	0	0.011773	I
ZmG_NC250	1644031	3742936	0	0.007978	I
ZmG_NC258	1433392	3649845	0	0.014442	I
ZmG_NC260	1175609	3591237	0	0.012355	I
ZmG_NC262	1927032	4041038	0	0.008528	I
ZmG_NC264	1330321	3926199	0	0.011831	I
ZmG_NC290A	1975838	4042312	0	0.009348	I
ZmG_NC294	878474	1850363	0	0.004516	I
ZmG_NC296	1212923	3733426	0	0.012664	I
ZmG_NC296A	894528	3521428	0	0.010919	I
ZmG_NC298	576764	3824869	0	0.007102	I
ZmG_NC300	917381	3882999	0	0.008490	I
ZmG_NC302	1298443	3728701	0	0.010973	I
ZmG_NC304	888492	3891702	0	0.008826	I
ZmG_NC306	524445	1578821	0	0.003958	I
ZmG_NC310	475315	962120	0	0.003431	I
ZmG_NC314	940880	2238265	0	0.016319	I
ZmG_NC318	1084522	3808594	0	0.010039	I
ZmG_NC320	1072553	3764785	0	0.009789	I
ZmG_NC324	771723	2616178	0	0.009122	I
ZmG_NC326	141638	278106	0	0.000701	I
ZmG_NC328	376311	766605	0	0.001964	I
ZmG_NC33	1404544	3863210	0	0.010949	I
ZmG_NC336	1416226	3843926	0	0.011609	I
ZmG_NC338	1410996	3813960	0	0.014701	I
ZmG_NC340	1371916	3985370	0	0.011501	I
ZmG_NC342	1483014	3664352	0	0.006109	I
ZmG_NC344	570407	3454680	0	0.007231	I
ZmG_NC346	1319505	3871463	0	0.010208	I
ZmG_NC348	1307460	3880348	0	0.012341	I
ZmG_NC350	1324417	3777991	0	0.018265	I
ZmG_NC352	1052002	3698385	0	0.010668	I
ZmG_NC354	1255146	3852859	0	0.012454	I
ZmG_NC356	1160378	3781043	0	0.010815	I
ZmG_NC358	1031339	3821675	0	0.010871	I
ZmG_NC360	972141	3784697	0	0.008772	I
ZmG_NC362	1300120	3781047	0	0.011667	I
ZmG_NC364	1113021	3688281	0	0.010837	I
ZmG_NC366	1132976	3624221	0	0.012523	I
ZmG_NC368	908715	1948744	0	0.004547	I
ZmG_ND1	1069854	4154377	0	0.006920	I
ZmG_ND167	930500	3808536	0	0.005176	I
ZmG_ND230	1117947	3775196	0	0.008142	I
ZmG_ND245	1004296	3991571	0	0.005843	I
ZmG_ND246	1015658	3810279	0	0.010488	I
ZmG_ND247	2026020	4020689	0	0.009571	I
ZmG_ND249	1058754	4015536	0	0.005653	I
ZmG_ND251	970876	3955110	0	0.005005	I
ZmG_ND259	1838756	4020034	0	0.008774	I
ZmG_ND260	955919	3789889	0	0.004911	I
ZmG_ND265	1833108	3816667	0	0.010252	I
ZmG_ND283	1086543	3867253	0	0.005498	I
ZmG_ND287	1007560	3848851	0	0.005092	I
ZmG_NL001	591133	1175428	0	0.004059	I
ZmG_NO1413	962428	3753051	0	0.004914	I
ZmG_NO380	1168908	4230207	0	0.011035	I
ZmG_NORTH7	963365	4022064	0	0.005157	I
ZmG_NP87	1116949	3967584	0	0.005944	I
ZmG_NP899	1544674	3796778	0	0.008976	I
ZmG_NP901	251157	876504	0	0.001414	I
ZmG_NQ402	870946	3271950	0	0.003897	I
ZmG_NQ508	1735035	3495708	0	0.007076	I
ZmG_NS501	6118743	1869010	0	0.210706	H
ZmG_NS701	360368	762663	0	0.001741	I
ZmG_NY159NEVEHYAAR	1304071	3690197	0	0.023040	E
ZmG_NY166NEVEHYAAR	1949034	4021582	0	0.014319	I
ZmG_NY6371	1841584	3589939	0	0.019185	I
ZmG_NY821	1796590	3997735	0	0.007928	I
ZmG_OC19	1677857	3896799	0	0.008997	I
ZmG_OH3167B	951853	3469304	0	0.004750	I
ZmG_OH33	1834888	3865845	0	0.009111	I
ZmG_OH40B	2087167	3929240	0	0.014241	I
ZmG_OH43	1292172	3857443	0	0.005575	I
ZmG_OH43E	1014058	3809988	0	0.006316	I
ZmG_OH603	1061470	3625797	0	0.011130	I
ZmG_OH7	1718879	3739460	0	0.007387	I
ZmG_OH7B	982531	3546532	0	0.006804	I
ZmG_OQ101	1080685	3789253	0	0.005380	I
ZmG_OQ403	1963532	3561760	0	0.018246	I
ZmG_OQ601	876233	3500322	0	0.003826	I
ZmG_OQ603	1643931	3502173	0	0.008433	I
ZmG_OS426	1035354	3667027	0	0.004997	I
ZmG_OS602	1710897	3441015	0	0.014987	I
ZmG_P39	1096083	4209719	0	0.009061	I
ZmG_PA392	1039848	3624671	0	0.009902	I
ZmG_PA405	912585	3747985	0	0.004685	I
ZmG_PA468	969824	3848007	0	0.005524	I
ZmG_PA762	1761244	4056700	0	0.007063	I
ZmG_PA778	964669	3687566	0	0.004990	I
ZmG_PA875	770116	3577690	0	0.009422	I
ZmG_PA880	1926904	3750156	0	0.014324	I
ZmG_PA891	1009860	3888008	0	0.005931	I
ZmG_PA91	1927373	3951230	0	0.009623	I
ZmG_PB80	324569	639227	0	0.001703	I
ZmG_PH207	1080929	3563902	0	0.007803	I
ZmG_PH5HK	971953	3666607	0	0.004387	I
ZmG_PHAA0	1515071	3552661	0	0.014224	I
ZmG_PHAW6	938634	3794081	0	0.004024	I
ZmG_PHB09	1560284	3015616	0	0.006905	I
ZmG_PHB47	1221344	3498629	0	0.006201	I
ZmG_PHBA6	1842821	3985368	0	0.008238	I
ZmG_PHBB3	1313407	2911003	0	0.005831	I
ZmG_PHBW8	1622033	3177324	0	0.011024	I
ZmG_PHDD6	1046766	4216534	0	0.006378	I
ZmG_PHEG9	925083	1855599	0	0.004551	I
ZmG_PHEM7	704091	2742191	0	0.003300	I
ZmG_PHEM9	1004702	3514656	0	0.004661	I
ZmG_PHEW7	702967	2737169	0	0.003471	I
ZmG_PHFA5	1145877	4077867	0	0.005654	I
ZmG_PHG29	1227359	3755286	0	0.005185	I
ZmG_PHG35	1762757	3566748	0	0.027087	E
ZmG_PHG39	1160194	3431154	0	0.005033	I
ZmG_PHG47	1325975	3789296	0	0.005976	I
ZmG_PHG50	1204752	3911587	0	0.005798	I
ZmG_PHG71	1370998	3010168	0	0.005374	I
ZmG_PHG72	2029426	2880289	0	0.047508	E
ZmG_PHG80	1608748	3330513	0	0.009451	I
ZmG_PHG83	48161	2899469	0	0.001519	I
ZmG_PHG84	38305	3006665	0	0.001298	I
ZmG_PHG86	195778	1096197	0	0.009137	I
ZmG_PHGG7	989209	4034757	0	0.005568	I
ZmG_PHGV6	1354464	3841429	0	0.009832	I
ZmG_PHGW7	1650128	3537084	0	0.007325	I
ZmG_PHH93	1805398	3843089	0	0.008204	I
ZmG_PHHB4	718090	2711824	0	0.003172	I
ZmG_PHHB9	502990	1834997	0	0.002385	I
ZmG_PHHH9	1341953	2938220	0	0.006153	I
ZmG_PHHV4	977344	1823581	0	0.006219	I
ZmG_PHJ31	104440	2927219	0	0.003726	I
ZmG_PHJ33	1616754	3821681	0	0.006300	I
ZmG_PHJ40	1256538	3634576	0	0.005521	I
ZmG_PHJ65	1446422	4051531	0	0.010670	I
ZmG_PHJ70	951281	2019286	0	0.004246	I
ZmG_PHJ75	56222	3049977	0	0.001880	I
ZmG_PHJ89	1901244	3948480	0	0.007463	I
ZmG_PHJ90	1012626	3809590	0	0.004218	I
ZmG_PHJR5	1327084	2485486	0	0.009834	I
ZmG_PHK05	35615	2876622	0	0.001217	I
ZmG_PHK29	1169241	2499446	0	0.005933	I
ZmG_PHK35	1035938	2275690	0	0.005391	I
ZmG_PHK42	1844534	3838992	0	0.007513	I
ZmG_PHK46	1516386	3918323	0	0.009524	I
ZmG_PHK56	1639388	3888772	0	0.011853	I
ZmG_PHK74	1690185	3730485	0	0.008836	I
ZmG_PHK76	1608543	3898238	0	0.010195	I
ZmG_PHK93	1886528	3662331	0	0.021428	E
ZmG_PHKE6	1834602	3847219	0	0.008336	I
ZmG_PHKM5	1367902	3548311	0	0.008598	I
ZmG_PHM10	1619519	3621013	0	0.006757	I
ZmG_PHM57	36746	3022348	0	0.001003	I
ZmG_PHM81	132507	2682631	0	0.004668	I
ZmG_PHMK0	1303933	3137547	0	0.007481	I
ZmG_PHN11	1000533	3579523	0	0.009214	I
ZmG_PHN18	633371	2638230	0	0.003364	I
ZmG_PHN29	1330941	2712427	0	0.006740	I
ZmG_PHN34	2146428	3706227	0	0.026101	E
ZmG_PHN41	785956	2567367	0	0.004020	I
ZmG_PHN46	1504306	3914486	0	0.008169	I
ZmG_PHN47	250728	1982152	0	0.013019	I
ZmG_PHN66	1465628	3290371	0	0.007090	I
ZmG_PHN73	265355	3385366	0	0.003668	I
ZmG_PHN82	1667043	3687729	0	0.007373	I
ZmG_PHP02	1579692	3711054	0	0.012048	I
ZmG_PHP38	1309731	3133454	0	0.008292	I
ZmG_PHP55	1694740	3676526	0	0.007411	I
ZmG_PHP60	23654	2770400	0	0.000639	I
ZmG_PHP76	1934183	3843155	0	0.011695	I
ZmG_PHP85	1043135	2321988	0	0.004422	I
ZmG_PHPR5	1322390	2869001	0	0.006296	I
ZmG_PHR03	1612474	3699321	0	0.013448	I
ZmG_PHR25	54453	2588201	0	0.002344	I
ZmG_PHR30	1337393	3371936	0	0.023132	E
ZmG_PHR31	1673298	3835234	0	0.008121	I
ZmG_PHR32	58072	3136201	0	0.001510	I
ZmG_PHR36	1796442	3967242	0	0.007260	I
ZmG_PHR47	2135922	3695453	0	0.023032	E
ZmG_PHR55	154562	2203184	0	0.007601	I
ZmG_PHR58	1714165	3965901	0	0.007239	I
ZmG_PHR61	764172	2745694	0	0.003674	I
ZmG_PHR62	1753545	4036100	0	0.007213	I
ZmG_PHR63	152421	3185175	0	0.003388	I
ZmG_PHRE1	1051760	3552924	0	0.004568	I
ZmG_PHT10	1065843	1532330	0	0.019325	I
ZmG_PHT11	1174213	2637583	0	0.007427	I
ZmG_PHT22	1552417	3643409	0	0.006631	I
ZmG_PHT47	1662992	3307170	0	0.014542	I
ZmG_PHT55	1557724	3459151	0	0.006614	I
ZmG_PHT60	24942	2703181	0	0.000849	I
ZmG_PHT69	937369	3024640	5071716	0.004985	I
ZmG_PHT73	982400	3819835	0	0.004883	I
ZmG_PHT77	371130	2144157	0	0.017987	I
ZmG_PHTD5	987237	3821015	0	0.004862	I
ZmG_PHTE4	3453449	2115695	0	0.133649	H
ZmG_PHTM9	2139720	3768786	0	0.025982	E
ZmG_PHV07	819048	3141562	0	0.003685	I
ZmG_PHV37	1630713	3455379	0	0.008340	I
ZmG_PHV53	59187	2839832	0	0.001660	I
ZmG_PHV57	1582066	3637516	0	0.005812	I
ZmG_PHV63	1653037	3230427	0	0.010790	I
ZmG_PHV78	1516937	3904223	0	0.007146	I
ZmG_PHVA9	1492486	2867366	0	0.011619	I
ZmG_PHVJ4	1712357	3632426	0	0.008233	I
ZmG_PHW03	1804582	3869013	0	0.009109	I
ZmG_PHW06	1020094	3767547	0	0.004846	I
ZmG_PHW17	777802	1615643	0	0.003731	I
ZmG_PHW20	1751432	3925640	0	0.008164	I
ZmG_PHW30	1879393	3770575	0	0.012886	I
ZmG_PHW43	1689470	3525631	0	0.013837	I
ZmG_PHW51	72822	2363272	0	0.001891	I
ZmG_PHW52	1032770	2351298	0	0.007054	I
ZmG_PHW53	1916025	3900854	0	0.009477	I
ZmG_PHW65	1033502	3812401	0	0.005217	I
ZmG_PHW79	1498816	3494242	0	0.008919	I
ZmG_PHW80	2078803	3857363	0	0.012672	I
ZmG_PHW86	1570211	3338087	0	0.006263	I
ZmG_PHWG5	1800531	3831021	0	0.008633	I
ZmG_PHWRZ	879171	3109328	0	0.004019	I
ZmG_PHZ51	1638856	3686431	0	0.007907	I
ZmG_Q381	1738266	3800580	0	0.007170	I
ZmG_R101	1079155	3756050	0	0.005106	I
ZmG_R109B	416581	2717161	8454823	0.007445	I
ZmG_R113	1750603	3777545	0	0.007777	I
ZmG_R134	1111292	3952127	0	0.005460	I
ZmG_R168	1866588	3973357	0	0.007943	I
ZmG_R177	1991237	4099276	0	0.009264	I
ZmG_R181B	1915587	3587845	0	0.013214	I
ZmG_R197	1093722	3713028	0	0.006837	I
ZmG_R225	1196687	3496938	0	0.008473	I
ZmG_R226	1648231	3734074	0	0.008147	I
ZmG_R227	1441496	3161886	0	0.006631	I
ZmG_R229	249759	335576	0	0.003420	I
ZmG_R30	1101477	3938009	0	0.005631	I
ZmG_R53	1207177	3966386	0	0.005989	I
ZmG_R71	1726402	3736740	0	0.007812	I
ZmG_R78	1776188	3787246	0	0.009186	I
ZmG_RS710	94550	2722686	0	0.002593	I
ZmG_S56	1267584	4424643	0	0.007207	I
ZmG_S8324	38411	1049271	0	0.001575	I
ZmG_S8326	2066431	3902053	0	0.013092	I
ZmG_SA24	1071771	3848883	0	0.011236	I
ZmG_SC213R	979579	3904470	0	0.009581	I
ZmG_SC357	1295851	3580946	0	0.010868	I
ZmG_SC55	1218313	3760465	0	0.010665	I
ZmG_SD101	1837395	3559615	0	0.011317	I
ZmG_SD102	1601739	3505145	0	0.006785	I
ZmG_SD107	1628738	3249325	0	0.008528	I
ZmG_SD15	1079445	3849474	0	0.005247	I
ZmG_SD40	1721880	3527124	0	0.007149	I
ZmG_SD42	1098108	3642844	0	0.005349	I
ZmG_SD44	1740195	3680682	0	0.009865	I
ZmG_SEAGULLSEVENTEEN	1999468	3982891	0	0.008112	I
ZmG_SG1533	1624259	3586828	0	0.016763	I
ZmG_SG18	1308312	3643694	0	0.017298	I
ZmG_SG30A	1140243	3920585	0	0.005912	I
ZmG_T122	1081874	4206347	0	0.006220	I
ZmG_T141	1215858	3145866	0	0.022356	E
ZmG_T146	1111489	4192345	0	0.007100	I
ZmG_T232	1133374	3626166	0	0.011528	I
ZmG_T234	1231820	3559685	0	0.010481	I
ZmG_T242	1973425	4032223	0	0.013956	I
ZmG_T5A	1161957	4378042	0	0.006722	I
ZmG_T8	1451984	3704204	0	0.012359	I
ZmG_T9	1302153	4327570	0	0.007561	I
ZmG_TR	909176	3488612	0	0.004701	I
ZmG_TX303	1238818	3874773	0	0.010147	I
ZmG_TX601	1121709	3889557	0	0.009688	I
ZmG_TZI10	1591385	3702445	0	0.025031	E
ZmG_TZI11	1179529	3733471	0	0.011963	I
ZmG_TZI16	1195083	3554530	0	0.011235	I
ZmG_TZI18	1256045	3558885	0	0.012110	I
ZmG_TZI25	1063833	3140916	0	0.013313	I
ZmG_TZI8	1074838	3630463	0	0.019370	I
ZmG_TZI9	1246166	3927738	0	0.011409	I
ZmG_TZUCHIAOHSIWU105	3039321	3508770	0	0.067983	H
ZmG_U123	1237382	4216643	0	0.006891	I
ZmG_U267Y	1136291	3776541	0	0.010467	I
ZmG_VA102	1977968	3881045	0	0.008964	I
ZmG_VA14	328040	3308209	0	0.005084	I
ZmG_VA17	1770784	3788804	0	0.010042	I
ZmG_VA22	966027	3613258	0	0.009886	I
ZmG_VA26	1551573	3590686	0	0.007123	I
ZmG_VA35	1772282	3953881	0	0.007749	I
ZmG_VA38	1083191	3937989	0	0.005906	I
ZmG_VA52	979727	3862340	0	0.004462	I
ZmG_VA59	1709836	3941194	0	0.007607	I
ZmG_VA85	935535	3648267	0	0.009641	I
ZmG_VA99	1714761	3748448	0	0.006968	I
ZmG_VAW6	1711840	3898021	0	0.008810	I
ZmG_W117HT	1769201	3951338	0	0.008625	I
ZmG_W153R	1832561	3951969	0	0.009133	I
ZmG_W182B	969686	3306406	0	0.013179	I
ZmG_W182BN	52011	2939255	0	0.001276	I
ZmG_W182E	1809577	3881525	0	0.008178	I
ZmG_W22	1627067	3737498	0	0.007220	I
ZmG_W23	1637693	3718589	0	0.007423	I
ZmG_W24	1588494	3488014	0	0.008112	I
ZmG_W32	1789158	3958215	0	0.008320	I
ZmG_W37A	1647377	3868198	0	0.010755	I
ZmG_W552	2250380	3873535	0	0.008965	I
ZmG_W601S	958575	3988492	0	0.004977	I
ZmG_W602S	1683099	3882384	0	0.007812	I
ZmG_W603S	1907310	3964407	0	0.009076	I
ZmG_W604S	1234908	3742781	0	0.006851	I
ZmG_W605S	1129886	3817977	0	0.010937	I
ZmG_W64A	1685406	3768355	0	0.007891	I
ZmG_W703	1029798	3824348	0	0.005362	I
ZmG_W802G	978108	3729217	0	0.005106	I
ZmG_W803G	1573690	3651501	0	0.007990	I
ZmG_W809G	638329	1288603	0	0.003312	I
ZmG_W810G	4550960	2334029	0	0.159079	H
ZmG_W811G	1023810	1956815	0	0.007705	I
ZmG_W812G	1031243	2352072	0	0.005041	I
ZmG_W813G	1294706	2576596	0	0.006172	I
ZmG_W814G	1727416	3601703	0	0.008507	I
ZmG_W815G	1822008	3876812	0	0.012793	I
ZmG_W816G	1029076	3921983	0	0.005004	I
ZmG_W817G	1622948	3744379	0	0.008331	I
ZmG_W818G	766156	2493020	0	0.004220	I
ZmG_W821G	1782586	3704124	0	0.009233	I
ZmG_W8304	1709432	81081	0	0.073236	H
ZmG_W8555	22414	743366	0	0.000918	I
ZmG_W9	1994015	3778170	0	0.017171	I
ZmG_WDAD1	351001	1133657	0	0.001729	I
ZmG_WF9	1793645	3690159	0	0.007993	I
ZmG_WIL500	30424	2840065	0	0.000934	I
ZmG_WIL900	1980158	3886533	0	0.013375	I
ZmG_WIL901	1846099	3973797	0	0.009656	I
ZmG_WIL903	1732305	3730978	0	0.008747	I
ZmG_WR3	2332505	3662260	0	0.037518	E
ZmG_WUTANTZAO	1825399	3746281	0	0.012357	I
ZmG_WXB6	1776279	3656405	0	0.008025	I
ZmG_YANG	1110063	4187549	0	0.007663	I
ZmG_YE4	1387367	4370110	0	0.006750	I
ZmG_YECHIHUNG	1258308	4209141	0	0.015245	I
ZmG_YELLOW34	1055588	4303571	0	0.006175	I
ZmG_YING55	1739618	3665441	0	0.008975	I
ZmG_YONG28	988615	3949893	0	0.005413	I
ZmG_YU796NS	954985	3793391	0	0.004890	I
ZmG_ZS01250	66439	2607058	0	0.002559	I
ZmG_ZS1791	311888	1091730	0	0.001563	I
ZmG_ZS365	4599420	827462	0	0.174819	H
ZmG_ZS635	1436238	2268289	0	0.018142	I
